{"_runtime":1.037276876,"_step":0,"dataset_size":0,"_wandb":{"runtime":1},"_timestamp":1.7309865422214274e+09}