{"_step":0,"dataset_size":0,"_wandb":{"runtime":1},"_timestamp":1.7309866557089286e+09,"_runtime":1.141985647}