{"pc_5_cumulative_variance":0.9999999999975568,"_step":6,"final_reconstruction_error":19.797208397445463,"total_variance_explained":0.9999999999975568,"reconstruction_error":19.797208397445463,"pc_4_cumulative_variance":0.9889144599270145,"pc_2_cumulative_variance":0.7617920468704523,"pc_4_variance_ratio":0.057002349192682863,"pc_1_cumulative_variance":0.44160212970018825,"_runtime":45.384495418,"pc_3_variance_ratio":0.17012006386387934,"pc_2_variance_ratio":0.32018991717026407,"_timestamp":1.7309870624264724e+09,"_wandb":{"runtime":45},"pc_3_cumulative_variance":0.9319121107343317,"dataset_size":482,"pc_1_variance_ratio":0.44160212970018825,"pc_5_variance_ratio":0.011085540070542263}