{"_step":6,"pc_1_cumulative_variance":0.44160212970018764,"pc_5_cumulative_variance":0.999999999997556,"pc_1_variance_ratio":0.44160212970018764,"pc_5_variance_ratio":0.011085540070542268,"_runtime":42.717556009,"_wandb":{"runtime":43},"pc_2_cumulative_variance":0.7617920468704517,"dataset_size":482,"pc_3_cumulative_variance":0.9319121107343308,"total_variance_explained":0.999999999997556,"pc_4_cumulative_variance":0.9889144599270137,"pc_4_variance_ratio":0.057002349192682905,"reconstruction_error":19.797208397445473,"final_reconstruction_error":19.797208397445473,"pc_3_variance_ratio":0.17012006386387915,"_timestamp":1.7309871913977134e+09,"pc_2_variance_ratio":0.320189917170264}