{"pc_1_cumulative_variance":0.44160212970018825,"pc_3_variance_ratio":0.17012006386387915,"_step":6,"pc_5_cumulative_variance":0.9999999999975565,"pc_4_variance_ratio":0.057002349192682905,"dataset_size":482,"_wandb":{"runtime":44},"pc_3_cumulative_variance":0.9319121107343313,"pc_1_variance_ratio":0.44160212970018825,"_timestamp":1.730987362151738e+09,"reconstruction_error":19.797208397445488,"pc_2_cumulative_variance":0.7617920468704522,"_runtime":43.897317443,"total_variance_explained":0.9999999999975565,"pc_2_variance_ratio":0.320189917170264,"pc_5_variance_ratio":0.011085540070542285,"pc_4_cumulative_variance":0.9889144599270142,"final_reconstruction_error":19.797208397445488}