{"PC5_explained_variance":0.012171789582864748,"n_validation_samples":97,"n_training_samples":385,"_timestamp":1.7309883693124468e+09,"train_reconstruction_error":0.3781534885788413,"PC3_explained_variance":0.16804256351076297,"PC2_explained_variance":0.32814228197375284,"PC1_explained_variance":0.4715657576242772,"_runtime":45.36971424,"train_r2":0.7681823000233595,"val_r2":0.7876133585017064,"_step":5,"val_reconstruction_error":0.4956297441576792,"PC4_explained_variance":0.017764083287754084,"_wandb":{"runtime":45}}